id,source,feed_name,title,url,published_date,summary,matched_keywords,scraped_at
2770c252ff99,News,deseret_news,Utah unveils limited-time patriotic license plate ahead of America 250,https://www.deseret.com/the-west/2026/04/28/utah-america-250-license-plate-historic-black-and-white-dan-mccay-utahns-1776-dmv/,2026-04-28,,plat,2026-04-29T18:59:42.259933+00:00
e336904ade4a,News,deseret_news,"Deseret News archives: Utahns have always had a fascination with Thor Heyerdahl, Kon-Tiki voyage",https://www.deseret.com/utah/2024/04/28/deseret-news-archives-utahns-fascinated-with-thor-heyerdahl/,2026-04-28,,Erda,2026-04-29T18:59:42.259933+00:00
3adf5729dba8,News,ksl_news,Utah unveils limited-time patriotic license plate ahead of America 250,https://www.ksl.com/article/news/utah/utah-unveils-limited-time-patriotic-license-plate-ahead-of-america-250/51490224,,"As the United States approaches its semiquincentennial celebration, Utah drivers will be able to purchase, for a limited time, a license plate with a fresh new design.",plat,2026-04-29T18:59:42.259933+00:00
e1c755e73136,News,r/Utah,First look at Utah’s new ‘America 250’ license plate available in June,https://www.reddit.com/r/Utah/comments/1syd8hp/first_look_at_utahs_new_america_250_license_plate/,2026-04-28,"<table> <tr><td> <a href=""https://www.reddit.com/r/Utah/comments/1syd8hp/first_look_at_utahs_new_america_250_license_plate/""> <img alt=""First look at Utah’s new ‘America 250’ license plate available in June"" src=""https://external-preview.redd.it/mzXI41jInwFaXiHPXYjxAteO-aqSZe24-_2PGwWotT8.png?width=640&amp;crop=smart&amp;auto=webp&amp;s=e454b8f73f09d93fdb6906ff93701dcbbe02df09"" title=""First look at Utah’s new ‘America 250’ license plate available in June"" /> </a> </td><td> <!-- SC_OFF --><div cl",plat,2026-04-29T18:59:42.259933+00:00
48682af37de8,News,r/Utah,Job search help possibly state job,https://www.reddit.com/r/Utah/comments/1sypzic/job_search_help_possibly_state_job/,2026-04-29,"<!-- SC_OFF --><div class=""md""><p>Hello! So currently I (21F) work for a company that has been a little sleezy about pay as of recently. I am about to hit my 5 years in the company. They used to be pretty good, but in the new position I got last year, the new boss I have is not great. My question is, are there any state jobs (or jobs in general) that don't require degrees and would hire preferably at $25 an hour (my current pay). I am not great at school, I was an idiot in high school and failed",warehouse,2026-04-29T18:59:42.259933+00:00
2fd47aa613f1,News,r/Utah,"REVIEW----John Volken Academy Thrift Thrift 95 Foxboro Dr, UT 84054",https://www.reddit.com/r/Utah/comments/1sxkppl/reviewjohn_volken_academy_thrift_thrift_95/,2026-04-27,"<table> <tr><td> <a href=""https://www.reddit.com/r/Utah/comments/1sxkppl/reviewjohn_volken_academy_thrift_thrift_95/""> <img alt=""REVIEW----John Volken Academy Thrift Thrift 95 Foxboro Dr, UT 84054"" src=""https://preview.redd.it/vjmkbkfcktxg1.jpg?width=140&amp;height=78&amp;auto=webp&amp;s=1d8377c0c71b85848e16b61d1bc5c40061cf2130"" title=""REVIEW----John Volken Academy Thrift Thrift 95 Foxboro Dr, UT 84054"" /> </a> </td><td> <!-- SC_OFF --><div class=""md""><p><a href=""https://volken.org/"">John Volken",warehouse,2026-04-29T18:59:42.259933+00:00
9c9aa61fa10f,News,r/SaltLakeCity,LF: Lead guitarist and Bass player for DIY emo band.,https://www.reddit.com/r/SaltLakeCity/comments/1sz43yb/lf_lead_guitarist_and_bass_player_for_diy_emo_band/,2026-04-29,"<!-- SC_OFF --><div class=""md""><p>Hey everyone! I'm looking for a lead guitarist and bass player for my DIY emo/punk/indie band! Currently it's just me on rhythm guitar and vocals, and a drummer. I have around 10 songs written for the band, just demos on my DAW. Looking for people who are passionate about music and want to play live. The goal is practicing at least once a week, getting some live gigs, and releasing a first album. While I do have songs written, I am not opposed to band members ch",highway,2026-04-29T18:59:42.259933+00:00
196ffb3b09e9,News,r/SaltLakeCity,"Review: The Hallow: An Enchanted Bookshop 1588 S 2000 W, Syracuse",https://www.reddit.com/r/SaltLakeCity/comments/1syh05t/review_the_hallow_an_enchanted_bookshop_1588_s/,2026-04-28,"<table> <tr><td> <a href=""https://www.reddit.com/r/SaltLakeCity/comments/1syh05t/review_the_hallow_an_enchanted_bookshop_1588_s/""> <img alt=""Review: The Hallow: An Enchanted Bookshop 1588 S 2000 W, Syracuse"" src=""https://preview.redd.it/a7i2j1abg0yg1.jpg?width=140&amp;height=78&amp;auto=webp&amp;s=45a44bbfdc48dea1dc99b89e5bdb032719f57a23"" title=""Review: The Hallow: An Enchanted Bookshop 1588 S 2000 W, Syracuse"" /> </a> </td><td> <!-- SC_OFF --><div class=""md""><p><a href=""https://hollowbookshoput",Walmart|Amazon,2026-04-29T18:59:42.259933+00:00
196fee7ba658,News,r/tooele,Stallion Drama!,https://www.reddit.com/r/Tooele/comments/1sfh463/stallion_drama/,2026-04-08,"<!-- SC_OFF --><div class=""md""><p>Please come see Disney’s “Dare To Dream”! This is a charming show with many songs you know and love! Featuring a darling teen- she strives to find her dream- even when it’s hard. The lead is played by Riley Jenkins- a freshman at Stansbury High- looking to make herself known and debut her talent! She’s just adorable! The production is May 18-19 at 7:30! Come see it before it’s gone! Tickets &gt;$10!! Perfect show for families and kids! We’d love to see you there",Tooele|Stansbury,2026-04-29T18:59:42.259933+00:00
